CREATE database if not exists linguamaster;
USE linguamaster; 

CREATE TABLE languages (
  id int not null AUTO_INCREMENT PRIMARY KEY,
  name TEXT NOT NULL,
  created_at timestamp null, 
  updated_at timestamp null
);

INSERT INTO languages (`id`, `name`) VALUES
  (1, 'ENGLISH'),
  (2, 'CHINESE'),
  (3, 'JAPANESE'),
  (4, 'KOREAN');

CREATE TABLE courses (
  id int not null AUTO_INCREMENT PRIMARY KEY,
  name TEXT NOT NULL,
  id_lang int NOT NULL,
  created_at timestamp null, 
  updated_at timestamp null,
  FOREIGN KEY (id_lang) REFERENCES languages(id)
);

INSERT INTO courses (`id`, `name`, `id_lang`) VALUES
  (1, 'COMMUNICATE', 1),
  (2, 'PRONUNCIATION', 1),
  (3, 'GRAMMAR', 1),
  (4, 'GIAO TIẾP TIẾNG TRUNG', 2),
  (5, 'PHÁT ÂM TIẾNG TRUNG', 2),
  (6, 'TỪ VỰNG TIẾNG TRUNG', 2),
  (7, 'GIAO TIẾP TIẾNG NHẬT', 3),
  (8, 'PHÁT ÂM TIẾNG NHẬT', 3),
  (9, 'GIAO TIẾP TIẾNG HÀN', 4),
  (10, 'PHÁT ÂM TIẾNG HÀN', 4),
  (11, 'LISTENING', 1),
  (12, 'READING', 1);
  
CREATE TABLE lessons (
  id int not null AUTO_INCREMENT PRIMARY KEY,
  name TEXT not null,
  level ENUM('Easy', 'Medium', 'Hard') NOT NULL,
  id_cour int not null,
  created_at timestamp null, 
  updated_at timestamp null,
  FOREIGN KEY (id_cour) REFERENCES courses(id)
);

INSERT INTO lessons (`id`, `name`, `level`, `id_cour`) VALUES 
	(1, 'PHẦN 1: GREETINGS', 'Easy', 1),
    (2, 'PHẦN 2: MY HOUSE', 'Easy', 1),
    (3, 'PHẦN 3: MY FAMILY', 'Easy', 1),
    (4, 'PHẦN 4: JOBS', 'Medium', 1),
    (5, 'PHẦN 5: HOBBIES AND ABILITIES', 'Medium', 1),
    (6, 'PHẦN 6: GOOD AND BAD HABITS', 'Medium', 1),
    (7, 'PHẦN 7: TIME AND SEASONS', 'Medium', 1),
    (8, 'PHẦN 8: SENSES AND FEELINGS', 'Hard', 1),
    (9, 'PHẦN 9: EDUCATION', 'Hard', 1),
    (10, 'PHẦN 10: SOCIAL SITUATIONS', 'Hard', 1),
    (11, 'Bài 0 - Letters and sounds ', 'Easy ', 2),
	(12, 'Bài 1 - /ʌ/ and /ɑ:/  ', 'Easy ', 2),
	(13, 'Bài 2 - /ʊ/ and /uː/ ', 'Easy ', 2),
	(14, 'Bài 3 - /e/ and /æ/ ', 'Easy ', 2),
	(15, 'Bài 4 - /ɪ/ and /i:/ ', 'Easy ', 2),
	(16, 'Bài 5 - /ɒ/ and /ɔ:/ ', 'Easy ', 2),
	(17, 'Bài 6 - /ə/ and /ɜ:/ ', 'Easy ', 2),
	(18, 'Bài 7 - /eɪ/, /aɪ/, /ɔɪ/ ', 'Easy ', 2),
	(19, 'Bài 8 - /əʊ/ and /aʊ/ ', 'Easy ', 2),
	(20, 'Bài 9 - /ɪə/, /eə/, /ʊə/ ', 'Easy ', 2),
	(21, 'Bài 10 - /p/ and /b/ ', 'Easy ', 2),
	(22, 'Bài 11 - /t/ and /d/ ', 'Easy ', 2),
	(23, 'Bài 12 - /k/ and /g/ ', 'Easy ', 2),
	(24, 'Bài 13 - /l/ and /r/ ', 'Easy ', 2),
	(25, 'Bài 14 - /tʃ/ and /dʒ/ ', 'Easy ', 2),
	(26, 'Bài 15 - /f/ and /v/ ', 'Easy ', 2),
	(27, 'Bài 16 - /θ/ and /ð/ ', 'Easy ', 2),
	(28, 'Bài 17 - /s/ and /z/ ', 'Easy ', 2),
	(29, 'Bài 18 - /ʃ/ and /ʒ/ ', 'Easy ', 2),
	(30, 'Bài 19 - /m/, /n/, /ŋ/ ', 'Easy ', 2),
	(31, 'Bài 20 - /h/ ', 'Easy ', 2),
	(32, 'Bài 21 - /w/ and /j/ ', 'Easy ', 2),
	(33, 'Bài 22 - Stress in two-syllable words ', 'Medium ', 2),
	(34, 'Bài 23 - Stress in three-syllable words ', 'Medium ', 2),
	(35, 'Bài 24 - Falling intonation ', 'Medium ', 2),
	(36, 'Bài 25 - Rising intonation ', 'Medium ', 2),
    (37, 'CĐ 1. Hiện tại đơn (Present simple) ', 'Medium ', 3),
	(38, 'CĐ 2. Hiện tại tiếp diễn (Present Continuous) ', 'Medium ', 3),
	(39, 'CĐ 3. Quá khứ đơn (Past Simple) ', 'Medium ', 3),
	(40, 'CĐ 4. Quá khứ tiếp diễn (Past Continuous) ', 'Medium ', 3),
	(41, 'CĐ 5. Hiện tại hoàn thành (Present Perfect) ', 'Medium ', 3),
	(42, 'CĐ 6. Hiện tại hoàn thành tiếp diễn (Present Perfect Continuous) ', 'Medium ', 3),
	(43, 'CĐ 7. Quá khứ hoàn thành (Past Perfect) ', 'Medium ', 3),
	(44, 'CĐ 8. Quá khứ hoàn thành tiếp diễn (Past Perfect Continuous) ', 'Medium ', 3),
	(45, 'CĐ 9. Tương lai đơn & Tương lai tiếp diễn (Future Simple & Future Continuous) ', 'Medium ', 3),
	(46, 'CĐ 10. Be going to V ', 'Medium ', 3),
	(47, 'CĐ 11. Tương lai hoàn thành (Future Perfect) ', 'Medium ', 3),
	(48, 'CĐ 12. Tương lai hoàn thành tiếp diễn (Future Perfect Continuous) ', 'Medium ', 3),
    (49, 'PHẦN 1: 问候 (Chào hỏi) ', 'Easy ', 4),
	(50, 'PHẦN 2: 我的房子 (Ngôi nhà của tôi） ', 'Easy ', 4),
	(51, 'PHẦN 3: 我的家庭 (Gia đình của tôi） ', 'Easy ', 4),
	(52, 'PHẦN 4: 工作 (Nghề nghiệp) ', 'Medium ', 4),
	(53, 'PHẦN 5: 爱好和能力 (Sở thích và Năng lực) ', 'Medium ', 4),
	(54, 'PHẦN 6: 好习惯和坏习惯 (Thói quen tốt và xấu) ', 'Medium ', 4),
	(55, 'PHẦN 7: 时间和季节 (Thời gian và mùa) ', 'Medium ', 4),
	(56, 'PHẦN 8: 感觉和感受 (Cảm xúc và cảm giác) ', 'Hard ', 4),
	(57, 'PHẦN 9: 教育 (Giáo dục) ', 'Hard ', 4),
	(58, 'PHẦN 10: 实际情况 (Tình huống xã hội) ', 'Hard ', 4),
    (59, 'PHẦN I: 韵母 (Vận mẫu) ', 'Easy ', 5),
	(60, 'PHẦN II: 声母 (Thanh mẫu) ', 'Easy ', 5),
	(61, 'PHẦN III: 声韵母拼合规律 (Quy tắc ghép chữ) ', 'Medium ', 5),
	(62, 'PHẦN IV: 变调规则 (Nguyên tắc biến âm) ', 'Hard ', 5),
    (63, 'Unit 1: Chào hỏi ', 'Easy ', 6),
	(64, 'Unit 2: Tên ', 'Easy ', 6),
	(65, 'Unit 3: Quốc gia ', 'Easy ', 6),
	(66, 'Unit 4: Số ', 'Easy ', 6),
	(67, 'Unit 5: Gia đình ', 'Easy ', 6),
	(68, 'Unit 6: Nghề nghiệp ', 'Medium ', 6),
	(69, 'Unit 7: Bộ phận cơ thể ', 'Medium ', 6),
	(70, 'Unit 9: Đồ ăn ', 'Medium ', 6),
	(71, 'Unit 10: Thức uống ', 'Medium ', 6),
	(72, 'Unit 11: Đồ chơi ', 'Medium ', 6),
	(73, 'Unit 12: Màu sắc ', 'Medium ', 6),
	(74, 'Unit 13: Quần áo ', 'Medium ', 6),
	(75, 'Unit 14: Trạng thái cảm xúc ', 'Medium ', 6),
	(76, 'Unit 15: Sinh nhật ', 'Medium ', 6),
	(77, 'Unit 17: Ngôi nhà ', 'Medium ', 6),
	(78, 'Unit 18: Đồ vật ', 'Medium ', 6),
	(79, 'Unit 19: Phương hướng ', 'Medium ', 6),
	(80, 'Unit 20: Trường học ', 'Medium ', 6),
	(81, 'Unit 21: Ngày trong tuần ', 'Medium ', 6),
	(82, 'Unit 22: Môn học ', 'Medium ', 6),
	(83, 'Unit 24: Giờ giấc - Thời gian biểu ', 'Medium ', 6),
	(84, 'Unit 25: Hoạt động hằng ngày ', 'Medium ', 6),
	(85, 'Unit 26: Thể thao ', 'Medium ', 6),
	(86, 'Unit 27: Sở thích ', 'Medium ', 6),
	(87, 'Unit 29: Thời tiết ', 'Medium ', 6),
	(88, 'Unit 30: Xe cộ ', 'Medium ', 6),
	(89, 'Unit 31: Kỳ nghỉ ', 'Medium ', 6),
	(90, 'Unit 32: Y tế ', 'Medium ', 6),
	(91, 'Unit 33: Đề nghị ', 'Medium ', 6),
    (92, 'PHẦN 1: 挨拶 (あいさつ) /CHÀO HỎI ', 'Easy ', 7),
	(93, 'PHẦN 2: 家 (いえ) / NGÔI NHÀ ', 'Easy ', 7),
	(94, 'PHẦN 3: 家族 (かぞく) / GIA ĐÌNH ', 'Easy ', 7),
	(95, 'PHẦN 4: 職業 (しょくぎょう) / NGHỀ NGHIỆP ', 'Medium ', 7),
	(96, 'PHẦN 5: 趣味と能力 (しゅみとのうりょく) / SỞ THÍCH VÀ NĂNG LỰC) ', 'Medium ', 7),
	(97, 'PHẦN 6: 良い習慣と悪い習慣 (よいしゅうかんとわるいしゅうかん) / THÓI QUEN TỐT VÀ XẤU ', 'Medium ', 7),
	(98, 'PHẦN 7: 時間と季節 (じかんときせつ) / THỜI GIAN VÀ MÙA ', 'Medium ', 7),
	(99, 'PHẦN 8: 感覚と感触 (かんかくとかんしょく) / CẢM GIÁC VÀ CẢM XÚC ', 'Hard ', 7),
	(100, 'PHẦN 9: 教育 (きょういく) / GIÁO DỤC ', 'Hard ', 7),
	(101, 'PHẦN 10: 社会的状況 (しゃかいてきじょうきょう) / TÌNH HUỐNG XÃ HỘI ', 'Hard ', 7),
    (102, 'Day 1: あ行とか行のひらがな (Chữ cái hàng A và Ka của bảng Hiragana) - Học thử ', 'Medium ', 8),
	(103, 'Day 2: さ行とた行のひらがな (Chữ cái hàng Sa và Ta của bảng Hiragana) - Học thử ', 'Medium ', 8),
	(104, 'Day 3: な行とは行のひらがな (Chữ cái hàng Na và Ha của bảng Hiragana) - Học thử ', 'Medium ', 8),
	(105, 'Day 4: ま行と や 行のひらがな (Chữ cái hàng Ma và Ya của bảng Hiragana) - Học thử ', 'Medium ', 8),
	(106, 'Day 5: ら行、わ行と「ん」のひらがな (Chữ cái hàng Ra, Wa và chữ N của bảng Hiragana) - Học thử ', 'Medium ', 8),
	(107, 'Day 6: が行とざ行のひらがな (Chữ cái hàng Ga, Za của bảng hiragana) ', 'Medium ', 8),
	(108, 'Day 7: だ行とば行、ぱ行のひらがな (Chữ cái hàng Da, Ba, Pa của bảng hiragana) ', 'Medium ', 8),
	(109, 'Day 8: ひらがなの促音と長音 (Âm Ngắt, Trường Âm của bảng Hiragana) ', 'Medium ', 8),
	(110, 'Day 9: ひらがなの拗音と拗音の長音 (Âm ghép và trường âm của âm ghép trong bảng Hiragana) ', 'Medium ', 8),
	(111, 'Day 10: ひらがなの復習 (Luyện tập bảng hiragana) ', 'Medium ', 8),
	(112, 'Day 11: ひらがなの46の基本文字復習 (Luyện tập 46 chữ cái cơ bản của Hiragana) ', 'Medium ', 8),
	(113, 'Day 12: カタカナの紹介＋カタカナのア行とカ行 (giới thiệu về bảng Katakana + hàng A và Ka của Katakana) ', 'Medium ', 8),
	(114, 'Day 13: カタカナのサ行とタ行 (Chữ cái hàng Sa và Ta của bảng Katakana) ', 'Medium ', 8),
	(115, 'Day 14: カタカナのナ行とハ行 (Chữ cái hàng Na và Ha của bảng Katakana) ', 'Medium ', 8),
	(116, 'Day 15: カタカナのマ行と ヤ 行 (Chữ cái hàng Ma và Ya của bảng Katakana) ', 'Medium ', 8),
	(117, 'Day 16: カタカナのラ行、ワ行とン (Chữ cái hàng Ra, Wa và chữ N của bảng Katakana) ', 'Medium ', 8),
	(118, 'Day 17: カタカナのガ行とザ行 (Chữ cái hàng Ga, Za của bảng Katakana) ', 'Medium ', 8),
	(119, 'Day 18: カタカナのダ行とバ行、パ行 (Chữ cái hàng Da, Ba, Pa của bảng Katakana) ', 'Medium ', 8),
	(120, 'Day 19: カタカナの促音と長音 (Âm Ngắt, Trường Âm của bảng Katakana) ', 'Medium ', 8),
	(121, 'Day 20: カタカナの拗音と拗音の長音(Âm ghép và trường âm của âm ghép trong bảng Katakana) ', 'Medium ', 8),
	(122, 'Day 21: カタカナの46の基本文字の復習 (Luyện tập 46 chữ cái cơ bản của Katakana) ', 'Medium ', 8),
	(123, 'Day 22: カタカナの濁音、拗音、促音と長音の復習(Luyện tập âm đục, âm ghép, âm ngắt và trường âm của Katakana) ', 'Medium ', 8),
	(124, 'Day 23: Các chữ Hán cơ bản (1): 一 (Nhất)、二 (Nhị)、三 (Tam)、四 (Tứ)、五 (Ngũ)、六 (Lục)、七 (Thất)、八 (Bát)、九 (Cửu)、十 (Thập) ', 'Medium ', 8),
	(125, 'Day 24: Các chữ Hán cơ bản (2): 百 (Bách)、千 (Thiên)、万 (Vạn)、円 (Viên)、口 (Khẩu)、目 (Mục)、刀 (Đao)、人 (Nhân) ', 'Hard ', 8),
	(126, 'Day 25: Các chữ Hán cơ bản (3): 日 (Nhật)、月 (Nguyệt)、火 (Hỏa)、水 (Thủy)、木 (Mộc)、金 (Kim)、土 (Thổ)、曜 (Diệu) ', 'Hard ', 8),
	(127, 'Day 26: Các chữ Hán cơ bản (4): 毎 (Mỗi)、明 (Minh)、半 (Bán)、時 (Thời)、分 (Phân)、今 (Kim)、去 (Khứ)、年 (Niên) ', 'Hard ', 8),
	(128, 'Day 27: Các chữ Hán cơ bản (5): 上 (Thượng)、下 (Hạ)、中 (Trung)、外 (Ngoại)、右 (Hữu)、左 (Tả)、東 (Đông)、西 (Tây)、南 (Nam)、北 (Bắc) ', 'Hard ', 8),
	(129, 'Day 28: Các chữ Hán cơ bản (6): 午 (Ngọ)、前 (Tiền)、後 (Hậu)、間 (Gian)、門 (Môn)、先 (Tiên)、周 (Chu)、週 (Chu) ', 'Hard ', 8),
	(130, 'Day 29: Các chữ Hán cơ bản (7): 力 (Lực)、男 (Nam)、女 (Nữ)、子 (Tử)、父 (Phụ)、母 (Mẫu)、学 (Học)、生 (Sinh)、入 (Nhập)、出 (Xuất) ', 'Hard ', 8),
	(131, 'Day 30: Các chữ Hán cơ bản (8): 王 (Vương)、国 (Quốc)、寺 (Tự)、田 (Điền)、何 (Hà)、山 (San, Sơn)、川 (Xuyên),本 (Bổn, Bản) ', 'Hard ', 8),
	(132, 'Day 31: Các chữ Hán cơ bản (9): 大 (Đại)、小 (Tiểu)、長 (Trường)、短 (Đoản)、高 (Cao)、低 (Đê)、安 (An)、多 (Đa)、少 (Thiểu) ', 'Hard ', 8),
	(133, 'Day 32: Các chữ Hán cơ bản (10): 新 (Tân)、古 (Cổ)、見 (Kiến)、行 (Hành)、来 (Lai)、食 (Thực)、飲 (Ẩm) ', 'Hard ', 8),
	(134, 'Day 33: Các chữ Hán cơ bản (11): 耳 (Nhĩ)、聞 (Văn)、言 (Ngôn)、話 (Thoại)、読 (Độc)、休 (Hưu)、会 (Hội) ', 'Hard ', 8),
	(135, 'Day 34: Các chữ Hán cơ bản (12): 天 (Thiên)、気 (Khí)、雨 (Vũ)、有 (Hữu)、名 (Danh)、友 (Hữu)、立 (Lập) ', 'Hard ', 8),
	(136, 'PHẦN 1: 인사 (CHÀO HỎI) ', 'Easy ', 9),
	(137, 'PHẦN 2: 나의 집 (NGÔI NHÀ CỦA TÔI) ', 'Easy ', 9),
	(138, 'PHẦN 3: 나의 가족 (GIA ĐÌNH CỦA TÔI) ', 'Easy ', 9),
	(139, 'PHẦN 4: 직업 (NGHỀ NGHIỆP) ', 'Medium ', 9),
	(140, 'PHẦN 5: 취미와 능력 (SỞ THÍCH VÀ NĂNG LỰC) ', 'Medium ', 9),
	(141, 'PHẦN 6: 좋은 버릇과 나쁜 버릇 (THÓI QUEN TỐT VÀ XẤU) ', 'Medium ', 9),
	(142, 'PHẦN 7: 시간과 계절 (THỜI GIAN VÀ MÙA) ', 'Medium ', 9),
	(143, 'PHẦN 8: 감정과 느낌 (CẢM XÚC VÀ CẢM GIÁC) ', 'Hard ', 9),
	(144, 'PHẦN 9: 교육 (GIÁO DỤC) ', 'Hard ', 9),
	(145, 'PHẦN 10: 사회적인 상황들 (TÌNH HUỐNG XÃ HỘI) ', 'Hard ', 9),
    (146, 'Bài 1 - Giới thiệu về Hangeul (Nguyên âmㅏ,ㅓ,ㅗ và Phụ âm ㄱ,ㄴ,ㄷ) - Học thử ', 'Easy ', 10),
	(147, 'Bài 2 - Nguyên âm ㅜ, ㅡ,ㅣ,ㅐ và Phụ âm ㄹ, ㅁ, ㅂ) - Học thử ', 'Easy ', 10),
	(148, 'Bài 3 - Nguyên âm ㅔ. ㅚ, ㅟ và Phụ âm ㅅ, ㅇ, ㅈ - Học thử ', 'Easy ', 10),
	(149, 'Bài 4 - Nguyên âmㅑ,ㅕ, ㅛ, ㅠ và Phụ âm ㅊ, ㅋ, ㅌ, ㅍ, ㅎ - học thử ', 'Easy ', 10),
	(150, 'Bài 5 - Nguyên âm ㅒ, ㅖ, ㅘ và Phụ âm ㄲ, ㄸ, ㅃ - học thử ', 'Easy ', 10),
	(151, 'Bài 6 - Nguyên âm ㅙ, ㅞ, ㅝ, ㅢ và phụ âm ㅆ, ㅉ ', 'Easy ', 10),
	(152, 'Bài 7 - Ôn tập nguyên âm đơn và phụ âm thường ', 'Easy ', 10),
	(153, 'Bài 8 - Ôn tập nguyên âm kép và phụ âm căng, phụ âm bật hơi ', 'Easy ', 10),
	(154, 'Bài 9 - Cấu tạo chữ tiếng Hàn ', 'Medium ', 10),
	(155, 'Bài 10 - Cách viết chữ tiếng Hàn ', 'Medium ', 10),
	(156, 'Bài 11 - Quy tắc phát âm tiếng Hàn - Quy tắc âm cuối ', 'Hard ', 10),
	(157, 'Bài 12 - Quy tắc phát âm tiếng Hàn - Quy tắc nối âm ', 'Hard ', 10),
	(158, 'Bài 13 - Quy tắc phát âm tiếng Hàn - Đồng hóa phụ âm (Phần 1) ', 'Hard ', 10),
	(159, 'Bài 14 - Quy tắc phát âm tiếng Hàn - Đồng hóa phụ âm (Phần 2) ', 'Hard ', 10),
	(160, 'Bài 15 - Quy tắc phát âm tiếng Hàn - Âm bật hơi hóa và âm vòm hóa ', 'Hard ', 10),
	(161, 'Bài 16 - Quy tắc phát âm tiếng Hàn - Âm căng hóa ', 'Hard ', 10),
	(162, 'Bài 17 - Quy tắc phát âm tiếng Hàn - Quy tắc thêm từ ', 'Hard ', 10),
	(163, 'Bài 18 - Ôn tập cách cấu tạo từ và quy tắc phát âm tiếng Hàn (Phần 1) ', 'Hard ', 10),
	(164, 'Bài 19 - Ôn tập quy tắc phát âm tiếng Hàn (Phần 2) ', 'Hard ', 10),
	(165, 'Bài 20 - Ôn tập quy tắc phát âm tiếng Hàn (Phần 3) ', 'Hard ', 10);

CREATE TABLE exercises (
  id int not null AUTO_INCREMENT PRIMARY KEY,
  name TEXT not null,
  type ENUM('Choose correct answer', 'Write correct answer', 'Video', 'Flashcard') NOT NULL,
  id_less int not null,
  created_at timestamp null, 
  updated_at timestamp null,
  FOREIGN KEY (id_less) REFERENCES lessons(id)
); 

INSERT INTO exercises (`id`, `name`, `type`, `id_less`) VALUES
	(1, 'Video bài giảng', 'Video', 1),
    (2, 'Từ vựng', 'Flashcard', 1),
    (3, 'Mẫu câu', 'Flashcard', 1),
    (4, 'Bài tập từ vựng', 'Write correct answer', 1),
    (5, 'Bài tập mẫu câu', 'Choose correct answer', 1),
    (6, 'Video bài giảng ', 'Video ', 2),
	(7, 'Từ vựng ', 'Flashcard ', 2),
	(8, 'Mẫu câu ', 'Flashcard ', 2),
	(9, 'Bài tập từ vựng ', 'Write correct answer ', 2),
	(10, 'Bài tập mẫu câu ', 'Choose correct answer ', 2),
	(11, 'Video bài giảng ', 'Video ', 3),
	(12, 'Từ vựng ', 'Flashcard ', 3),
	(13, 'Mẫu câu ', 'Flashcard ', 3),
	(14, 'Bài tập từ vựng ', 'Write correct answer ', 3),
	(15, 'Bài tập mẫu câu ', 'Choose correct answer ', 3),
	(16, 'Video bài giảng ', 'Video ', 4),
	(17, 'Từ vựng ', 'Flashcard ', 4),
	(18, 'Mẫu câu ', 'Flashcard ', 4),
	(19, 'Bài tập từ vựng ', 'Write correct answer ', 4),
	(20, 'Bài tập mẫu câu ', 'Choose correct answer ', 4),
	(21, 'Video bài giảng ', 'Video ', 5),
	(22, 'Từ vựng ', 'Flashcard ', 5),
	(23, 'Mẫu câu ', 'Flashcard ', 5),
	(24, 'Bài tập từ vựng ', 'Write correct answer ', 5),
	(25, 'Bài tập mẫu câu ', 'Choose correct answer ', 5),
	(26, 'Video bài giảng ', 'Video ', 6),
	(27, 'Từ vựng ', 'Flashcard ', 6),
	(28, 'Mẫu câu ', 'Flashcard ', 6),
	(29, 'Bài tập từ vựng ', 'Write correct answer ', 6),
	(30, 'Bài tập mẫu câu ', 'Choose correct answer ', 6),
	(31, 'Video bài giảng ', 'Video ', 7),
	(32, 'Từ vựng ', 'Flashcard ', 7),
	(33, 'Mẫu câu ', 'Flashcard ', 7),
	(34, 'Bài tập từ vựng ', 'Write correct answer ', 7),
	(35, 'Bài tập mẫu câu ', 'Choose correct answer ', 7),
	(36, 'Video bài giảng ', 'Video ', 8),
	(37, 'Từ vựng ', 'Flashcard ', 8),
	(38, 'Mẫu câu ', 'Flashcard ', 8),
	(39, 'Bài tập từ vựng ', 'Write correct answer ', 8),
	(40, 'Bài tập mẫu câu ', 'Choose correct answer ', 8),
	(41, 'Video bài giảng ', 'Video ', 9),
	(42, 'Từ vựng ', 'Flashcard ', 9),
	(43, 'Mẫu câu ', 'Flashcard ', 9),
	(44, 'Bài tập từ vựng ', 'Write correct answer ', 9),
	(45, 'Bài tập mẫu câu ', 'Choose correct answer ', 9),
	(46, 'Video bài giảng ', 'Video ', 10),
	(47, 'Từ vựng ', 'Flashcard ', 10),
	(48, 'Mẫu câu ', 'Flashcard ', 10),
	(49, 'Bài tập từ vựng ', 'Write correct answer ', 10),
	(50, 'Bài tập mẫu câu ', 'Choose correct answer ', 10);

CREATE TABLE questions (
  id INT NOT NULL AUTO_INCREMENT PRIMARY KEY,
  name TEXT NOT NULL,          
  id_ex INT NOT NULL,           
  video_url TEXT,
  audio_url TEXT,
  created_at timestamp null, 
  updated_at timestamp null,
  FOREIGN KEY (id_ex) REFERENCES exercises(id)
);

INSERT INTO questions (`id`, `name`, `id_ex`, `video_url`, `audio_url`) VALUES 
	(1, 'Video bài giảng', 1, NULL, NULL),
	(2, 'Hi. ', 2, NULL, NULL),
	(3, 'Hello. ', 2, NULL, NULL),
	(4, 'Hey. ', 2, NULL, NULL),
	(5, 'Good morning. ', 2, NULL, NULL),
	(6, 'Morning. ', 2, NULL, NULL),
	(7, 'Good afternoon. ', 2, NULL, NULL),
	(8, 'Good evening. ', 2, NULL, NULL),
	(9, 'Nice to meet you. ', 2, NULL, NULL),
	(10, 'Nice to meet you, too. ', 2, NULL, NULL),
	(11, 'Great to meet you. ', 2, NULL, NULL),
	(12, 'Goodbye. ', 2, NULL, NULL),
	(13, 'See you soon. ', 2, NULL, NULL),
	(14, 'See you again. ', 2, NULL, NULL),
	(15, 'name ', 2, NULL, NULL),
	(16, 'full name ', 2, NULL, NULL),
	(17, 'last name ', 2, NULL, NULL),
	(18, 'first name ', 2, NULL, NULL),
	(19, 'double ', 2, NULL, NULL),
	(20, 'spell ', 2, NULL, NULL),
	(21, 'A ', 2, NULL, NULL),
	(22, 'B ', 2, NULL, NULL),
	(23, 'C ', 2, NULL, NULL),
	(24, 'D ', 2, NULL, NULL),
	(25, 'E ', 2, NULL, NULL),
	(26, 'F ', 2, NULL, NULL),
	(27, 'G ', 2, NULL, NULL),
	(28, 'H ', 2, NULL, NULL),
	(29, 'I ', 2, NULL, NULL),
	(30, 'J ', 2, NULL, NULL),
	(31, 'K ', 2, NULL, NULL),
	(32, 'L ', 2, NULL, NULL),
	(33, 'M ', 2, NULL, NULL),
	(34, 'N ', 2, NULL, NULL),
	(35, 'O ', 2, NULL, NULL),
	(36, 'P ', 2, NULL, NULL),
	(37, 'Q ', 2, NULL, NULL),
	(38, 'R ', 2, NULL, NULL),
	(39, 'S ', 2, NULL, NULL),
	(40, 'T ', 2, NULL, NULL),
	(41, 'U ', 2, NULL, NULL),
	(42, 'V ', 2, NULL, NULL),
	(43, 'W ', 2, NULL, NULL),
	(44, 'X ', 2, NULL, NULL),
	(45, 'Y ', 2, NULL, NULL),
	(46, 'Z ', 2, NULL, NULL),
	(47, 'Who ', 2, NULL, NULL),
	(48, 'I ', 2, NULL, NULL),
	(49, 'She ', 2, NULL, NULL),
	(50, 'He ', 2, NULL, NULL),
	(51, 'It ', 2, NULL, NULL),
	(52, 'They ', 2, NULL, NULL),
	(53, 'We ', 2, NULL, NULL),
	(54, 'You ', 2, NULL, NULL),
	(55, 'The US ', 2, NULL, NULL),
	(56, 'American ', 2, NULL, NULL),
	(57, 'The UK ', 2, NULL, NULL),
	(58, 'British ', 2, NULL, NULL),
	(59, 'Canada ', 2, NULL, NULL),
	(60, 'Canadian ', 2, NULL, NULL),
	(61, 'Mexico ', 2, NULL, NULL),
	(62, 'Mexican ', 2, NULL, NULL),
	(63, 'Spain ', 2, NULL, NULL),
	(64, 'Spanish ', 2, NULL, NULL),
	(65, 'Australia ', 2, NULL, NULL),
	(66, 'Australian ', 2, NULL, NULL),
	(67, 'Vietnam ', 2, NULL, NULL),
	(68, 'Vietnamese ', 2, NULL, NULL),
	(69, 'Singapore ', 2, NULL, NULL),
	(70, 'Singaporean ', 2, NULL, NULL),
	(71, 'Malaysia ', 2, NULL, NULL),
	(72, 'Malaysian ', 2, NULL, NULL),
	(73, 'Indonesia ', 2, NULL, NULL),
	(74, 'Indonesian ', 2, NULL, NULL),
	(75, 'Thailand ', 2, NULL, NULL),
	(76, 'Thai ', 2, NULL, NULL),
	(77, 'Korea ', 2, NULL, NULL),
	(78, 'Korean ', 2, NULL, NULL),
	(79, 'China ', 2, NULL, NULL),
	(80, 'Chinese ', 2, NULL, NULL),
	(81, 'Japan ', 2, NULL, NULL),
	(82, 'Japanese ', 2, NULL, NULL),
	(83, 'India ', 2, NULL, NULL),
	(84, 'Indian ', 2, NULL, NULL),
	(85, 'one ', 2, NULL, NULL),
	(86, 'two ', 2, NULL, NULL),
	(87, 'three ', 2, NULL, NULL),
	(88, 'four ', 2, NULL, NULL),
	(89, 'five ', 2, NULL, NULL),
	(90, 'six ', 2, NULL, NULL),
	(91, 'seven ', 2, NULL, NULL),
	(92, 'eight ', 2, NULL, NULL),
	(93, 'nine ', 2, NULL, NULL),
	(94, 'ten ', 2, NULL, NULL),
	(95, 'eleven ', 2, NULL, NULL),
	(96, 'twelve ', 2, NULL, NULL),
	(97, 'thirteen ', 2, NULL, NULL),
	(98, 'fourteen ', 2, NULL, NULL),
	(99, 'fifteen ', 2, NULL, NULL),
	(100, 'sixteen ', 2, NULL, NULL),
	(101, 'seventeen ', 2, NULL, NULL),
	(102, 'eighteen ', 2, NULL, NULL),
	(103, 'nineteen ', 2, NULL, NULL),
	(104, 'twenty ', 2, NULL, NULL),
	(105, 'twenty-one ', 2, NULL, NULL),
	(106, 'twenty-two ', 2, NULL, NULL),
	(107, 'twenty-three ', 2, NULL, NULL),
	(108, 'twenty-four ', 2, NULL, NULL),
	(109, 'twenty-five ', 2, NULL, NULL),
	(110, 'twenty-six ', 2, NULL, NULL),
	(111, 'twenty-seven ', 2, NULL, NULL),
	(112, 'twenty-eight ', 2, NULL, NULL),
	(113, 'twenty-nine ', 2, NULL, NULL),
	(114, 'thirty ', 2, NULL, NULL),
	(115, 'forty ', 2, NULL, NULL),
	(116, 'fifty ', 2, NULL, NULL),
	(117, 'sixty ', 2, NULL, NULL),
	(118, 'seventy ', 2, NULL, NULL),
	(119, 'eighty ', 2, NULL, NULL),
	(120, 'ninety ', 2, NULL, NULL),
	(121, 'one hundred ', 2, NULL, NULL),
	(122, 'one hundred and one ', 2, NULL, NULL),
	(123, 'one hundred and ten ', 2, NULL, NULL),
	(124, 'first ', 2, NULL, NULL),
	(125, 'second ', 2, NULL, NULL),
	(126, 'third ', 2, NULL, NULL),
	(127, 'fourth ', 2, NULL, NULL),
	(128, 'fifth ', 2, NULL, NULL),
	(129, 'fixth ', 2, NULL, NULL),
	(130, 'seventh ', 2, NULL, NULL),
	(131, 'eighth ', 2, NULL, NULL),
	(132, 'ninth ', 2, NULL, NULL),
	(133, 'tenth ', 2, NULL, NULL),
	(134, 'eleventh ', 2, NULL, NULL),
	(135, 'twelfth ', 2, NULL, NULL),
	(136, 'thirteenth ', 2, NULL, NULL),
	(137, 'fourteenth ', 2, NULL, NULL),
	(138, 'fifteenth ', 2, NULL, NULL),
	(139, 'sixteenth ', 2, NULL, NULL),
	(140, 'seventeenth ', 2, NULL, NULL),
	(141, 'eighteenth ', 2, NULL, NULL),
	(142, 'nineteenth ', 2, NULL, NULL),
	(143, 'twentieth ', 2, NULL, NULL),
	(144, 'twenty-first ', 2, NULL, NULL),
	(145, 'twenty-second ', 2, NULL, NULL),
	(146, 'twenty-third ', 2, NULL, NULL),
	(147, 'twenty-fourth ', 2, NULL, NULL),
	(148, 'twenty-fifth ', 2, NULL, NULL),
	(149, 'thirtieth ', 2, NULL, NULL),
	(150, 'thirty-first ', 2, NULL, NULL),
	(151, 'fortieth ', 2, NULL, NULL),
	(152, 'fiftieth ', 2, NULL, NULL),
	(153, 'sixtieth ', 2, NULL, NULL),
	(154, 'seventieth ', 2, NULL, NULL),
	(155, 'eightieth ', 2, NULL, NULL),
	(156, 'ninetieth ', 2, NULL, NULL),
	(157, 'hundredth ', 2, NULL, NULL),
    (158, 'What is your name? - My name is Alex Bennett.', 3, NULL, NULL),
	(159, 'What\'s your name? - I\'m Liam Scott.', 3, NULL, NULL),
	(160, 'What\'s my name? - Your name\'s Ethan Carter.', 3, NULL, NULL),
	(161, 'How are you? - I\'m fine, thanks.', 3, NULL, NULL),
	(162, 'How are you doing? - All good.', 3, NULL, NULL),
	(163, 'How have you been lately? - Pretty well.', 3, NULL, NULL),
	(164, 'How have you been lately? - I\'m good, as usual.', 3, NULL, NULL),
	(165, 'How are you today? - Very well! Thank you.', 3, NULL, NULL),
	(166, 'What is your full name? - My fullname is Alex Bennett.', 3, NULL, NULL),
	(167, 'How do you spell your name? - A L E X and B E N N E T T.', 3, NULL, NULL),
	(168, 'What is your last name? - My last name is Carter.', 3, NULL, NULL),
	(169, 'How do you spell your last name? - It\'s C A R T E R.', 3, NULL, NULL),
	(170, 'Could you spell your first name? - It\'s A L E X.', 3, NULL, NULL),
	(171, 'What\'s your middle name? - My middle name is James.', 3, NULL, NULL),
	(172, 'Could you spell your middle name, please? - It\'s J A M E S.', 3, NULL, NULL),
	(173, 'How is it going? - Not bad.', 3, NULL, NULL),
	(174, 'How\'s your day? - Pretty good so far.', 3, NULL, NULL),
	(175, 'What\'s up? - Lovely as always!', 3, NULL, NULL),
	(176, 'Who is he? - He is Noah Williams.', 3, NULL, NULL),
	(177, 'Who\'s she? - She\'s Emma Robinson.', 3, NULL, NULL),
	(178, 'Who are they? - They are Emma and Noah.', 3, NULL, NULL),
	(179, 'Who are you? - I am Alex Bennett.', 3, NULL, NULL),
	(180, 'Where are you from? - I\'m from Malaysia.', 3, NULL, NULL),
	(181, 'Are you Malaysian? - Yes, I\'m Malaysian.', 3, NULL, NULL),
	(182, 'Are you from Malaysia? - No, I\'m not from Malaysia.', 3, NULL, NULL),
	(183, 'How old are you? - I\'m 27 years old.', 3, NULL, NULL),
	(184, 'What is your address? - It\'s 123 Orchard Avenue.', 3, NULL, NULL),
	(185, 'On which floor is your apartment? - My apartment is on the 5th floor.', 3, NULL, NULL),
	(186, 'Is your apartment on the 5th floor? - Yes, my apartment is on the 5th floor.', 3, NULL, NULL),
	(187, 'On which floor is your room? - My room is on the 2nd floor of the building.', 3, NULL, NULL),
	(188, 'Is your room on the 2nd floor of the building? - Yes, my room is on the 2nd floor of the building.', 3, NULL, NULL),
    (189, 'Listen and write the correct answer. ', 4, NULL, NULL),
	(190, 'Listen and write the correct answer. ', 4, NULL, NULL),
	(191, 'Listen and write the correct answer. ', 4, NULL, NULL),
	(192, 'Listen and write the correct answer. ', 4, NULL, NULL),
	(193, 'Listen and write the correct answer. ', 4, NULL, NULL),
	(194, 'Listen and write the correct answer. ', 4, NULL, NULL),
	(195, 'Listen and write the correct answer. ', 4, NULL, NULL),
	(196, 'Listen and write the correct answer. ', 4, NULL, NULL),
	(197, 'Listen and write the correct answer. ', 4, NULL, NULL),
	(198, 'Listen and write the correct answer. ', 4, NULL, NULL),
	(199, 'Listen and write the correct answer. ', 4, NULL, NULL),
	(200, 'Listen and write the correct answer. ', 4, NULL, NULL),
	(201, 'Listen and write the correct answer. ', 4, NULL, NULL),
	(202, 'Listen and write the correct answer. ', 4, NULL, NULL),
	(203, 'Listen and write the correct answer. ', 4, NULL, NULL),
	(204, 'Listen and write the correct answer. ', 4, NULL, NULL),
	(205, 'Listen and write the correct answer. ', 4, NULL, NULL),
	(206, 'Listen and write the correct answer. ', 4, NULL, NULL),
	(207, 'Listen and write the correct answer. ', 4, NULL, NULL),
	(208, 'Listen and write the correct answer. ', 4, NULL, NULL),
	(209, 'Listen and write the correct answer. ', 4, NULL, NULL),
	(210, 'Listen and write the correct answer. ', 4, NULL, NULL),
	(211, 'Listen and write the correct answer. ', 4, NULL, NULL),
	(212, 'Listen and write the correct answer. ', 4, NULL, NULL),
	(213, 'Listen and write the correct answer. ', 4, NULL, NULL),
	(214, 'Listen and write the correct answer. ', 4, NULL, NULL),
	(215, 'Listen and write the correct answer. ', 4, NULL, NULL),
	(216, 'Listen and write the correct answer. ', 4, NULL, NULL),
	(217, 'Listen and write the correct answer. ', 4, NULL, NULL),
	(218, 'Listen and write the correct answer. ', 4, NULL, NULL),
	(219, 'Listen and write the correct answer. ', 4, NULL, NULL),
	(220, 'Listen and write the correct answer. ', 4, NULL, NULL),
	(221, 'Listen and write the correct answer. ', 4, NULL, NULL),
	(222, 'Listen and write the correct answer. ', 4, NULL, NULL),
	(223, 'Listen and write the correct answer. ', 4, NULL, NULL),
	(224, 'Listen and write the correct answer. ', 4, NULL, NULL),
	(225, 'Listen and write the correct answer. ', 4, NULL, NULL),
	(226, 'Listen and write the correct answer. ', 4, NULL, NULL),
	(227, 'Listen and write the correct answer. ', 4, NULL, NULL),
	(228, 'Listen and write the correct answer. ', 4, NULL, NULL),
	(229, 'Listen and write the correct answer. ', 4, NULL, NULL),
	(230, 'Listen and write the correct answer. ', 4, NULL, NULL),
	(231, 'Listen and write the correct answer. ', 4, NULL, NULL),
	(232, 'Listen and write the correct answer. ', 4, NULL, NULL),
	(233, 'Listen and write the correct answer. ', 4, NULL, NULL),
	(234, 'Listen and write the correct answer. ', 4, NULL, NULL),
	(235, 'Listen and write the correct answer. ', 4, NULL, NULL),
	(236, 'Listen and write the correct answer. ', 4, NULL, NULL),
	(237, 'Listen and write the correct answer. ', 4, NULL, NULL),
	(238, 'Listen and write the correct answer. ', 4, NULL, NULL),
	(239, 'Listen and write the correct answer. ', 4, NULL, NULL),
	(240, 'Listen and write the correct answer. ', 4, NULL, NULL),
	(241, 'Listen and write the correct answer. ', 4, NULL, NULL),
	(242, 'Listen and write the correct answer. ', 4, NULL, NULL),
	(243, 'Listen and write the correct answer. ', 4, NULL, NULL),
	(244, 'Listen and write the correct answer. ', 4, NULL, NULL),
	(245, 'Listen and write the correct answer. ', 4, NULL, NULL),
	(246, 'Listen and write the correct answer. ', 4, NULL, NULL),
	(247, 'Listen and write the correct answer. ', 4, NULL, NULL),
	(248, 'Listen and write the correct answer. ', 4, NULL, NULL),
	(249, 'Listen and write the correct answer. ', 4, NULL, NULL),
	(250, 'Listen and write the correct answer. ', 4, NULL, NULL),
	(251, 'Listen and write the correct answer. ', 4, NULL, NULL),
	(252, 'Listen and write the correct answer. ', 4, NULL, NULL),
	(253, 'Listen and write the correct answer. ', 4, NULL, NULL),
	(254, 'Listen and write the correct answer. ', 4, NULL, NULL),
	(255, 'Listen and write the correct answer. ', 4, NULL, NULL),
	(256, 'Listen and write the correct answer. ', 4, NULL, NULL),
	(257, 'Listen and write the correct answer. ', 4, NULL, NULL),
	(258, 'Listen and write the correct answer. ', 4, NULL, NULL),
	(259, 'Listen and write the correct answer. ', 4, NULL, NULL),
	(260, 'Listen and write the correct answer. ', 4, NULL, NULL),
	(261, 'Listen and write the correct answer. ', 4, NULL, NULL),
	(262, 'Listen and write the correct answer. ', 4, NULL, NULL),
	(263, 'Listen and write the correct answer. ', 4, NULL, NULL),
	(264, 'Listen and write the correct answer. ', 4, NULL, NULL),
	(265, 'Listen and write the correct answer. ', 4, NULL, NULL),
	(266, 'Listen and write the correct answer. ', 4, NULL, NULL),
	(267, 'Listen and write the correct answer. ', 4, NULL, NULL),
	(268, 'Listen and write the correct answer. ', 4, NULL, NULL),
	(269, 'Listen and write the correct answer. ', 4, NULL, NULL),
	(270, 'Listen and write the correct answer. ', 4, NULL, NULL),
	(271, 'Listen and write the correct answer. ', 4, NULL, NULL),
	(272, 'Listen and write the correct answer. ', 4, NULL, NULL),
	(273, 'Listen and write the correct answer. ', 4, NULL, NULL),
	(274, 'Listen and write the correct answer. ', 4, NULL, NULL),
	(275, 'Listen and write the correct answer. ', 4, NULL, NULL),
	(276, 'Listen and write the correct answer. ', 4, NULL, NULL),
	(277, 'Listen and write the correct answer. ', 4, NULL, NULL),
	(278, 'Listen and write the correct answer. ', 4, NULL, NULL),
	(279, 'Listen and write the correct answer. ', 4, NULL, NULL),
	(280, 'Listen and write the correct answer. ', 4, NULL, NULL),
	(281, 'Listen and write the correct answer. ', 4, NULL, NULL),
	(282, 'Listen and write the correct answer. ', 4, NULL, NULL),
	(283, 'Listen and write the correct answer. ', 4, NULL, NULL),
	(284, 'Listen and write the correct answer. ', 4, NULL, NULL),
	(285, 'Listen and write the correct answer. ', 4, NULL, NULL),
	(286, 'Listen and write the correct answer. ', 4, NULL, NULL),
	(287, 'Listen and write the correct answer. ', 4, NULL, NULL),
	(288, 'Listen and write the correct answer. ', 4, NULL, NULL),
	(289, 'Listen and write the correct answer. ', 4, NULL, NULL),
	(290, 'Listen and write the correct answer. ', 4, NULL, NULL),
	(291, 'Listen and write the correct answer. ', 4, NULL, NULL),
	(292, 'Listen and write the correct answer. ', 4, NULL, NULL),
	(293, 'Listen and write the correct answer. ', 4, NULL, NULL),
	(294, 'Listen and write the correct answer. ', 4, NULL, NULL),
	(295, 'Listen and write the correct answer. ', 4, NULL, NULL),
	(296, 'Listen and write the correct answer. ', 4, NULL, NULL),
	(297, 'Listen and write the correct answer. ', 4, NULL, NULL),
	(298, 'Listen and write the correct answer. ', 4, NULL, NULL),
	(299, 'Listen and write the correct answer. ', 4, NULL, NULL),
	(300, 'Listen and write the correct answer. ', 4, NULL, NULL),
	(301, 'Listen and write the correct answer. ', 4, NULL, NULL),
	(302, 'Listen and write the correct answer. ', 4, NULL, NULL),
	(303, 'Listen and write the correct answer. ', 4, NULL, NULL),
	(304, 'Listen and write the correct answer. ', 4, NULL, NULL),
	(305, 'Listen and write the correct answer. ', 4, NULL, NULL),
	(306, 'Listen and write the correct answer. ', 4, NULL, NULL),
	(307, 'Listen and write the correct answer. ', 4, NULL, NULL),
	(308, 'Listen and write the correct answer. ', 4, NULL, NULL),
	(309, 'Listen and write the correct answer. ', 4, NULL, NULL),
	(310, 'Listen and write the correct answer. ', 4, NULL, NULL),
	(311, 'Listen and write the correct answer. ', 4, NULL, NULL),
	(312, 'Listen and write the correct answer. ', 4, NULL, NULL),
	(313, 'Listen and write the correct answer. ', 4, NULL, NULL),
	(314, 'Listen and write the correct answer. ', 4, NULL, NULL),
	(315, 'Listen and write the correct answer. ', 4, NULL, NULL),
	(316, 'Listen and write the correct answer. ', 4, NULL, NULL),
	(317, 'Listen and write the correct answer. ', 4, NULL, NULL),
	(318, 'Listen and write the correct answer. ', 4, NULL, NULL),
	(319, 'Listen and write the correct answer. ', 4, NULL, NULL),
	(320, 'Listen and write the correct answer. ', 4, NULL, NULL),
	(321, 'Listen and write the correct answer. ', 4, NULL, NULL),
	(322, 'Listen and write the correct answer. ', 4, NULL, NULL),
	(323, 'Listen and write the correct answer. ', 4, NULL, NULL),
	(324, 'Listen and write the correct answer. ', 4, NULL, NULL),
	(325, 'Listen and write the correct answer. ', 4, NULL, NULL),
	(326, 'Listen and write the correct answer. ', 4, NULL, NULL),
	(327, 'Listen and write the correct answer. ', 4, NULL, NULL),
	(328, 'Listen and write the correct answer. ', 4, NULL, NULL),
	(329, 'Listen and write the correct answer. ', 4, NULL, NULL),
	(330, 'Listen and write the correct answer. ', 4, NULL, NULL),
	(331, 'Listen and write the correct answer. ', 4, NULL, NULL),
	(332, 'Listen and write the correct answer. ', 4, NULL, NULL),
	(333, 'Listen and write the correct answer. ', 4, NULL, NULL),
	(334, 'Listen and write the correct answer. ', 4, NULL, NULL),
	(335, 'Listen and write the correct answer. ', 4, NULL, NULL),
	(336, 'Listen and write the correct answer. ', 4, NULL, NULL),
	(337, 'Listen and write the correct answer. ', 4, NULL, NULL),
	(338, 'Listen and write the correct answer. ', 4, NULL, NULL),
	(339, 'Listen and write the correct answer. ', 4, NULL, NULL),
	(340, 'Listen and write the correct answer. ', 4, NULL, NULL),
	(341, 'Listen and write the correct answer. ', 4, NULL, NULL),
	(342, 'Listen and write the correct answer. ', 4, NULL, NULL),
	(343, 'Listen and write the correct answer. ', 4, NULL, NULL),
	(344, 'Listen and write the correct answer. ', 4, NULL, NULL),
	(345, 'What is your name? - _______ is Alex Bennett.', 5, NULL, NULL),
	(346, 'What\'s your name? - _______ Liam Scott.', 5, NULL, NULL),
	(347, '_______ my name? - Your name\'s Ethan Carter.', 5, NULL, NULL),
	(348, 'How are you? - _______, thanks.', 5, NULL, NULL),
	(349, 'How are you doing? - _______.', 5, NULL, NULL),
	(350, 'How have you been lately? - _______.', 5, NULL, NULL),
	(351, 'How have you been lately? - _______, as usual.', 5, NULL, NULL),
	(352, 'How are you today? - Very well! _______.', 5, NULL, NULL),
	(353, 'What is your full name? - _______ is Alex Bennett.', 5, NULL, NULL),
	(354, 'How do you _______ your name? - A L E X and B E N N E T T.', 5, NULL, NULL),
	(355, 'What is your _______? - My last name is Carter.', 5, NULL, NULL),
	(356, 'How do you spell your last name? - It\'s _______.', 5, NULL, NULL),
	(357, 'Could you spell your first name? - It\'s _______.', 5, NULL, NULL),
	(358, 'What\'s your middle name? - My _______ is James.', 5, NULL, NULL),
	(359, 'Could you spell your middle name, please? - It\'s _______.', 5, NULL, NULL),
	(360, 'How is it going? - _______.', 5, NULL, NULL),
	(361, 'How\'s your day? - _______.', 5, NULL, NULL),
	(362, '_______ - Lovely as always!', 5, NULL, NULL),
	(363, '_______ - He is Noah Williams.', 5, NULL, NULL),
	(364, 'Who\'s she? - _______.', 5, NULL, NULL),
	(365, 'Who are they? - _______ Emma and Noah.', 5, NULL, NULL),
	(366, 'Who are you? - _______ Alex Bennett.', 5, NULL, NULL),
	(367, 'Where are you from? - I\'m from _______.', 5, NULL, NULL),
	(368, 'Are you Malaysian? - Yes, I\'m _______.', 5, NULL, NULL),
	(369, 'Are you from Malaysia? - No, I\'m not from _______.', 5, NULL, NULL),
	(370, 'How old are you? - _______.', 5, NULL, NULL),
	(371, 'What is your address? - It\'s _______.', 5, NULL, NULL),
	(372, 'On which floor is your apartment? - My apartment is on the _______.', 5, NULL, NULL),
	(373, 'Is your apartment on the 5th floor? - Yes, _______ is on the 5th floor.', 5, NULL, NULL),
	(374, 'On which floor is your room? - _______ is on the 2nd floor of the building.', 5, NULL, NULL),
	(375, 'Is your room on the 2nd floor of the building? - Yes, my room is on the _______ of the building.', 5, NULL, NULL);

CREATE TABLE answers (
  id INT NOT NULL AUTO_INCREMENT PRIMARY KEY,
  answer_text TEXT NOT NULL,    
  is_correct BOOLEAN NOT NULL,  
  id_ques INT NOT NULL,        
  created_at timestamp null, 
  updated_at timestamp null,
  FOREIGN KEY (id_ques) REFERENCES questions(id)
);

INSERT INTO answers (`id`, `answer_text`, `is_correct`, `id_ques`) VALUES
	(1, 'Hi.', TRUE, 189),
	(2, 'Hello.', TRUE, 190),
	(3, 'Hey.', TRUE, 191),
	(4, 'Good morning.', TRUE, 192),
	(5, 'Morning.', TRUE, 193),
	(6, 'Good afternoon.', TRUE, 194),
	(7, 'Good evening.', TRUE, 195),
	(8, 'Nice to meet you.', TRUE, 196),
	(9, 'Nice to meet you, too.', TRUE, 197),
	(10, 'Great to meet you.', TRUE, 198),
	(11, 'Goodbye.', TRUE, 199),
	(12, 'See you soon.', TRUE, 200),
	(13, 'See you again.', TRUE, 201),
	(14, 'name', TRUE, 202),
	(15, 'full name', TRUE, 203),
	(16, 'last name', TRUE, 204),
	(17, 'first name', TRUE, 205),
	(18, 'double', TRUE, 206),
	(19, 'spell', TRUE, 207),
	(20, 'A', TRUE, 208),
	(21, 'B', TRUE, 209),
	(22, 'C', TRUE, 210),
	(23, 'D', TRUE, 211),
	(24, 'E', TRUE, 212),
	(25, 'F', TRUE, 213),
	(26, 'G', TRUE, 214),
	(27, 'H', TRUE, 215),
	(28, 'I', TRUE, 216),
	(29, 'J', TRUE, 217),
	(30, 'K', TRUE, 218),
	(31, 'L', TRUE, 219),
	(32, 'M', TRUE, 220),
	(33, 'N', TRUE, 221),
	(34, 'O', TRUE, 222),
	(35, 'P', TRUE, 223),
	(36, 'Q', TRUE, 224),
	(37, 'R', TRUE, 225),
	(38, 'S', TRUE, 226),
	(39, 'T', TRUE, 227),
	(40, 'U', TRUE, 228),
	(41, 'V', TRUE, 229),
	(42, 'W', TRUE, 230),
	(43, 'X', TRUE, 231),
	(44, 'Y', TRUE, 232),
	(45, 'Z', TRUE, 233),
	(46, 'Who', TRUE, 234),
	(47, 'I', TRUE, 235),
	(48, 'She', TRUE, 236),
	(49, 'He', TRUE, 237),
	(50, 'It', TRUE, 238),
	(51, 'They', TRUE, 239),
	(52, 'We', TRUE, 240),
	(53, 'You', TRUE, 241),
	(54, 'The US', TRUE, 242),
	(55, 'American', TRUE, 243),
	(56, 'The UK', TRUE, 244),
	(57, 'British', TRUE, 245),
	(58, 'Canada', TRUE, 246),
	(59, 'Canadian', TRUE, 247),
	(60, 'Mexico', TRUE, 248),
	(61, 'Mexican', TRUE, 249),
	(62, 'Spain', TRUE, 250),
	(63, 'Spanish', TRUE, 251),
	(64, 'Australia', TRUE, 252),
	(65, 'Australian', TRUE, 253),
	(66, 'Vietnam', TRUE, 254),
	(67, 'Vietnamese', TRUE, 255),
	(68, 'Singapore', TRUE, 256),
	(69, 'Singaporean', TRUE, 257),
	(70, 'Malaysia', TRUE, 258),
	(71, 'Malaysian', TRUE, 259),
	(72, 'Indonesia', TRUE, 260),
	(73, 'Indonesian', TRUE, 261),
	(74, 'Thailand', TRUE, 262),
	(75, 'Thai', TRUE, 263),
	(76, 'Korea', TRUE, 264),
	(77, 'Korean', TRUE, 265),
	(78, 'China', TRUE, 266),
	(79, 'Chinese', TRUE, 267),
	(80, 'Japan', TRUE, 268),
	(81, 'Japanese', TRUE, 269),
	(82, 'India', TRUE, 270),
	(83, 'Indian', TRUE, 271),
	(84, 'one', TRUE, 272),
	(85, 'two', TRUE, 273),
	(86, 'three', TRUE, 274),
	(87, 'four', TRUE, 275),
	(88, 'five', TRUE, 276),
	(89, 'six', TRUE, 277),
	(90, 'seven', TRUE, 278),
	(91, 'eight', TRUE, 279),
	(92, 'nine', TRUE, 280),
	(93, 'ten', TRUE, 281),
	(94, 'eleven', TRUE, 282),
	(95, 'twelve', TRUE, 283),
	(96, 'thirteen', TRUE, 284),
	(97, 'fourteen', TRUE, 285),
	(98, 'fifteen', TRUE, 286),
	(99, 'sixteen', TRUE, 287),
	(100, 'seventeen', TRUE, 288),
	(101, 'eighteen', TRUE, 289),
	(102, 'nineteen', TRUE, 290),
	(103, 'twenty', TRUE, 291),
	(104, 'twenty-one', TRUE, 292),
	(105, 'twenty-two', TRUE, 293),
	(106, 'twenty-three', TRUE, 294),
	(107, 'twenty-four', TRUE, 295),
	(108, 'twenty-five', TRUE, 296),
	(109, 'twenty-six', TRUE, 297),
	(110, 'twenty-seven', TRUE, 298),
	(111, 'twenty-eight', TRUE, 299),
	(112, 'twenty-nine', TRUE, 300),
	(113, 'thirty', TRUE, 301),
	(114, 'forty', TRUE, 302),
	(115, 'fifty', TRUE, 303),
	(116, 'sixty', TRUE, 304),
	(117, 'seventy', TRUE, 305),
	(118, 'eighty', TRUE, 306),
	(119, 'ninety', TRUE, 307),
	(120, 'one hundred', TRUE, 308),
	(121, 'one hundred and one', TRUE, 309),
	(122, 'one hundred and ten', TRUE, 310),
	(123, 'first', TRUE, 311),
	(124, 'second', TRUE, 312),
	(125, 'third', TRUE, 313),
	(126, 'fourth', TRUE, 314),
	(127, 'fifth', TRUE, 315),
	(128, 'fixth', TRUE, 316),
	(129, 'seventh', TRUE, 317),
	(130, 'eighth', TRUE, 318),
	(131, 'ninth', TRUE, 319),
	(132, 'tenth', TRUE, 320),
	(133, 'eleventh', TRUE, 321),
	(134, 'twelfth', TRUE, 322),
	(135, 'thirteenth', TRUE, 323),
	(136, 'fourteenth', TRUE, 324),
	(137, 'fifteenth', TRUE, 325),
	(138, 'sixteenth', TRUE, 326),
	(139, 'seventeenth', TRUE, 327),
	(140, 'eighteenth', TRUE, 328),
	(141, 'nineteenth', TRUE, 329),
	(142, 'twentieth', TRUE, 330),
	(143, 'twenty-first', TRUE, 331),
	(144, 'twenty-second', TRUE, 332),
	(145, 'twenty-third', TRUE, 333),
	(146, 'twenty-fourth', TRUE, 334),
	(147, 'twenty-fifth', TRUE, 335),
	(148, 'thirtieth', TRUE, 336),
	(149, 'thirty-first', TRUE, 337),
	(150, 'fortieth', TRUE, 338),
	(151, 'fiftieth', TRUE, 339),
	(152, 'sixtieth', TRUE, 340),
	(153, 'seventieth', TRUE, 341),
	(154, 'eightieth', TRUE, 342),
	(155, 'ninetieth', TRUE, 343),
	(156, 'hundredth', TRUE, 344),
	
    -- id_ques 345: What is your name? - _______ is Alex Bennett.
    (157, 'My name', true, 345),
    (158, 'Your name', false, 345),
    (159, 'The name', false, 345),
    (160, 'A name', false, 345),

    -- id_ques 346: What's your name? - _______ Liam Scott.
    (161, 'I am', false, 346),
    (162, 'I\'m', true, 346),
    (163, 'It\'s', false, 346),
    (164, 'My name is', false, 346),

    -- id_ques 347: _______ my name? - Your name\'s Ethan Carter.
    (165, 'What\'s', true, 347),
    (166, 'Who\'s', false, 347),
    (167, 'Where\'s', false, 347),
    (168, 'Is it', false, 347),

    -- id_ques 348: How are you? - _______, thanks.
    (169, 'I am', false, 348),
    (170, 'I\'m fine', true, 348),
    (171, 'Good', false, 348),
    (172, 'Very well', false, 348),

    -- id_ques 349: How are you doing? - _______.
    (173, 'Not bad', false, 349),
    (174, 'So so', false, 349),
    (175, 'All good', true, 349),
    (176, 'Pretty bad', false, 349),

    -- id_ques 350: How have you been lately? - _______.
    (177, 'Pretty well', true, 350),
    (178, 'I\'m fine', false, 350),
    (179, 'All right', false, 350),
    (180, 'The same', false, 350),

    -- id_ques 351: How have you been lately? - _______, as usual.
    (181, 'I\'m good', true, 351),
    (182, 'Not so good', false, 351),
    (183, 'All right', false, 351),
    (184, 'The same', false, 351),

    -- id_ques 352: How are you today? - Very well! _______.
    (185, 'Thank you', true, 352),
    (186, 'Of course', false, 352),
    (187, 'I\'m here', false, 352),
    (188, 'The same', false, 352),

    -- id_ques 353: What is your full name? - _______ is Alex Bennett.
    (189, 'My full name', true, 353),
    (190, 'The full name', false, 353),
    (191, 'Fullname', false, 353),
    (192, 'First name', false, 353),

    -- id_ques 354: How do you _______ your name? - A L E X and B E N N E T T.
    (193, 'spell', true, 354),
    (194, 'say', false, 354),
    (195, 'write', false, 354),
    (196, 'tell', false, 354),

    -- id_ques 355: What is your _______? - My last name is Carter.
    (197, 'last name', true, 355),
    (198, 'middle name', false, 355),
    (199, 'first name', false, 355),
    (200, 'full name', false, 355),

    -- id_ques 356: How do you spell your last name? - It\'s _______.
    (201, 'C A R T E R', true, 356),
    (202, 'A L E X', false, 356),
    (203, 'L I A M', false, 356),
    (204, 'S C O T T', false, 356),

    -- id_ques 357: Could you spell your first name? - It\'s _______.
    (205, 'A L E X', true, 357),
    (206, 'L I A M', false, 357),
    (207, 'J A M E S', false, 357),
    (208, 'N O A H', false, 357),

    -- id_ques 358: What\'s your middle name? - My _______ is James.
    (209, 'middle name', true, 358),
    (210, 'first name', false, 358),
    (211, 'last name', false, 358),
    (212, 'full name', false, 358),

    -- id_ques 359: Could you spell your middle name, please? - It\'s _______.
    (213, 'J A M E S', true, 359),
    (214, 'E T H A N', false, 359),
    (215, 'A L E X', false, 359),
    (216, 'S C O T T', false, 359),

    -- id_ques 360: How is it going? - _______.
    (217, 'Not bad', true, 360),
    (218, 'Not so good', false, 360),
    (219, 'I\'m busy', false, 360),
    (220, 'Not great', false, 360),

    -- id_ques 361: How\'s your day? - _______.
    (221, 'Pretty good so far', true, 361),
    (222, 'So far, not bad', false, 361),
    (223, 'Not great', false, 361),
    (224, 'Getting better', false, 361),

    -- id_ques 362: _______ - Lovely as always!
    (225, 'What\'s up?', true, 362),
    (226, 'Who are you?', false, 362),
    (227, 'What\'s going on?', false, 362),
    (228, 'How do you do?', false, 362),

    -- id_ques 363: _______ - He is Noah Williams.
    (229, 'Who is he?', true, 363),
    (230, 'Where is he?', false, 363),
    (231, 'What is he?', false, 363),
    (232, 'When is he?', false, 363),

    -- id_ques 364: Who\'s she? - _______.
    (233, 'She\'s Emma Robinson', true, 364),
    (234, 'She\'s Alex Bennett', false, 364),
    (235, 'She\'s Mary Green', false, 364),
    (236, 'She\'s Lisa Brown', false, 364),

    -- id_ques 365: Who are they? - _______ Emma and Noah.
    (237, 'They are', true, 365),
    (238, 'They\'re', false, 365),
    (239, 'Those are', false, 365),
    (240, 'We are', false, 365),

    -- id_ques 366: Who are you? - _______ Alex Bennett.
    (241, 'I am', true, 366),
    (242, 'They are', false, 366),
    (243, 'My name is', false, 366),
    (244, 'We are', false, 366),

    -- id_ques 367: Where are you from? - I\'m from _______.
    (245, 'Malaysia', true, 367),
    (246, 'Singapore', false, 367),
    (247, 'Japan', false, 367),
    (248, 'India', false, 367),

    -- id_ques 368: Are you Malaysian? - Yes, I\'m _______.
    (249, 'Malaysian', true, 368),
    (250, 'Singaporean', false, 368),
    (251, 'Indian', false, 368),
    (252, 'Japanese', false, 368),

    -- id_ques 369: Are you from Malaysia? - No, I\'m not from _______.
    (253, 'Malaysia', true, 369),
    (254, 'India', false, 369),
    (255, 'Japan', false, 369),
    (256, 'Singapore', false, 369),

    -- id_ques 370: How old are you? - _______.
    (257, 'I\'m 27 years old', true, 370),
    (258, 'I\'m 30 years old', false, 370),
    (259, 'I\'m 25 years old', false, 370),
    (260, 'I\'m 20 years old', false, 370),

    -- id_ques 371: What is your address? - It\'s _______.
    (261, '123 Orchard Avenue', true, 371),
    (262, '456 Maple Street', false, 371),
    (263, '789 Pine Road', false, 371),
    (264, '321 Elm Boulevard', false, 371),

    -- id_ques 372: On which floor is your apartment? - My apartment is on the _______.
    (265, '5th floor', true, 372),
    (266, '2nd floor', false, 372),
    (267, '3rd floor', false, 372),
    (268, '4th floor', false, 372),

    -- id_ques 373: Is your apartment on the 5th floor? - Yes, _______ is on the 5th floor.
    (269, 'it', true, 373),
    (270, 'he', false, 373),
    (271, 'she', false, 373),
    (272, 'they', false, 373),

    -- id_ques 374: On which floor is your room? - _______ is on the 2nd floor of the building.
    (273, 'My room', true, 374),
    (274, 'It', false, 374),
    (275, 'The apartment', false, 374),
    (276, 'My house', false, 374),

    -- id_ques 375: Is your room on the 2nd floor of the building? - Yes, my room is on the _______ of the building.
    (277, '2nd floor', true, 375),
    (278, '3rd floor', false, 375),
    (279, '4th floor', false, 375),
    (280, '5th floor', false, 375);

/*create table users (
	id bigint unsigned not null auto_increment primary key, 
	name varchar(255) not null, 
	email varchar(255) not null, 
	email_verified_at timestamp null, 
	password varchar(255), 
    image varchar(255), 
    role ENUM('admin', 'user') NOT NULL DEFAULT 'user',
	remember_token varchar(100) null, 
	created_at timestamp null, 
	updated_at timestamp null
); */

/*CREATE TABLE user_histories (
  id INT NOT NULL AUTO_INCREMENT PRIMARY KEY,
  id_user INT NOT NULL,
  id_cou INT NOT NULL,
  score decimal(5,2) DEFAULT NULL,
  name_cou varchar(255) DEFAULT NULL,
  time_cou varchar(255) NOT NULL,
  FOREIGN KEY (id_user) REFERENCES users(id),
  FOREIGN KEY (id_cou) REFERENCES courses(id)
);

INSERT INTO user_histories (`id`, `id_user`, `id_cou`, `score`, `name_cou`, `time_cou`) VALUES
  (1, 3, 1, '100.00', 'GIAO TIẾP TIẾNG ANH', '1:30'),
  (2, 4, 1, '300.00', 'GIAO TIẾP TIẾNG ANH', '3:00');*/


