{
  "project_info": {
    "project_number": "544009855164",
    "project_id": "gdnm-8671e",
    "storage_bucket": "gdnm-8671e.appspot.com"
  },
  "client": [
    {
      "client_info": {
        "mobilesdk_app_id": "1:544009855164:android:b9af4a8bb02082ef6ff0b9",
        "android_client_info": {
          "package_name": "com.example.gdnm"
        }
      },
      "oauth_client": [],
      "api_key": [
        {
          "current_key": "AIzaSyAryk0y6WzZ9VTcLmNZ6f375baZSat6ROI"
        }
      ],
      "services": {
        "appinvite_service": {
          "other_platform_oauth_client": []
        }
      }
    }
  ],
  "configuration_version": "1"
}